{"pages":[],"media":[],"blocks":{"admin:catalog_events_lister":{"cms":{"identifier":"catalog_events_lister","title":"Catalog Events Lister","content":"{{block class=\"Magento\\\\CatalogEvent\\\\Block\\\\Event\\\\Lister\" name=\"catalog.event.lister\" template=\"lister.phtml\"}}","is_active":true},"stores":["admin"],"media":[]},"admin:empty-search-results-by-amasty":{"cms":{"identifier":"empty-search-results-by-amasty","title":"Empty Search Results by Amasty","content":"<div class=\"amsearch-emptysearch-cms\">\n    <div class=\"amsearch-content amsearch-item\">\n        <h2 class=\"amsearch-title\">Oops...<\/h2>\n        <p class=\"amsearch-text\">We can't seem to find <br\/> the product you're looking for.<\/p>\n        <div class=\"amsearch-contacts-block\">\n            <p class=\"amsearch-title\">Need help? Email Us.<\/p>\n            <a class=\"amsearch-value\" href=\"mailto:{{config path='trans_email\/ident_general\/email'}}\">\n                {{config path=\"trans_email\/ident_general\/email\"}}\n            <\/a>\n        <\/div>\n    <\/div>\n    <div class=\"amsearch-image-block amsearch-item\">\n        <img src=\"{{media url='amasty\/xsearch\/empty-search.png'}}\" alt=\"Empty search\" \/>\n    <\/div>\n<\/div>","is_active":true},"stores":["admin"],"media":[]},"admin:homepage_hero_slider":{"cms":{"identifier":"homepage_hero_slider","title":"Homepage - Hero Slider","content":"<style>#html-body [data-pb-style=Q4463Q5]{justify-content:flex-start;display:flex;flex-direction:column;background-position:left top;background-size:cover;background-repeat:no-repeat;background-attachment:scroll}#html-body [data-pb-style=L7H4Q9D]{min-height:300px;padding-left:0;padding-right:0}#html-body [data-pb-style=MRUJGQY]{min-height:100vh}#html-body [data-pb-style=EJUXOA3]{background-position:center top;background-size:cover;background-repeat:no-repeat;min-height:100vh}#html-body [data-pb-style=WQ170R4]{background-color:transparent}#html-body [data-pb-style=LWB3194]{min-height:100vh}#html-body [data-pb-style=UN39K3L]{background-position:center top;background-size:cover;background-repeat:no-repeat;min-height:100vh}#html-body [data-pb-style=THJH76T]{background-color:transparent}<\/style><div data-content-type=\"row\" data-appearance=\"full-bleed\" data-enable-parallax=\"0\" data-parallax-speed=\"0.5\" data-background-images=\"{}\" data-background-type=\"image\" data-video-loop=\"true\" data-video-play-only-visible=\"true\" data-video-lazy-load=\"true\" data-video-fallback-src=\"\" data-element=\"main\" data-pb-style=\"Q4463Q5\"><div class=\"pagebuilder-slider\" data-content-type=\"slider\" data-appearance=\"default\" data-autoplay=\"true\" data-autoplay-speed=\"4000\" data-fade=\"false\" data-infinite-loop=\"true\" data-show-arrows=\"false\" data-show-dots=\"true\" data-element=\"main\" data-pb-style=\"L7H4Q9D\"><div data-content-type=\"slide\" data-slide-name=\"\" data-appearance=\"collage-left\" data-show-button=\"never\" data-show-overlay=\"never\" data-element=\"main\" data-pb-style=\"MRUJGQY\"><a href=\"https:\/\/www.example.com\" target=\"\" data-link-type=\"default\" data-element=\"link\"><div class=\"pagebuilder-slide-wrapper\" data-background-images=\"{\\&quot;desktop_image\\&quot;:\\&quot;{{media url=wysiwyg\/home1.jpg}}\\&quot;}\" data-background-type=\"image\" data-video-loop=\"true\" data-video-play-only-visible=\"true\" data-video-lazy-load=\"true\" data-video-fallback-src=\"\" data-element=\"wrapper\" data-pb-style=\"EJUXOA3\"><div class=\"pagebuilder-overlay\" data-overlay-color=\"\" data-element=\"overlay\" data-pb-style=\"WQ170R4\"><div class=\"pagebuilder-collage-content\"><div data-element=\"content\"><h2><span style=\"font-size: 36px;\">Ad un passo<\/span><\/h2><h2><span style=\"font-size: 36px;\">dal futuro<\/span><\/h2><p><\/p><h4><span style=\"font-size: 28px;\">Tutti i prodotti di alta gamma che hai sempre desiderato<\/span><\/h4><\/div><\/div><\/div><\/div><\/a><\/div><div data-content-type=\"slide\" data-slide-name=\"\" data-appearance=\"collage-left\" data-show-button=\"never\" data-show-overlay=\"never\" data-element=\"main\" data-pb-style=\"LWB3194\"><a href=\"https:\/\/www.example.com\" target=\"\" data-link-type=\"default\" data-element=\"link\"><div class=\"pagebuilder-slide-wrapper\" data-background-images=\"{\\&quot;desktop_image\\&quot;:\\&quot;{{media url=wysiwyg\/home1.jpg}}\\&quot;}\" data-background-type=\"image\" data-video-loop=\"true\" data-video-play-only-visible=\"true\" data-video-lazy-load=\"true\" data-video-fallback-src=\"\" data-element=\"wrapper\" data-pb-style=\"UN39K3L\"><div class=\"pagebuilder-overlay\" data-overlay-color=\"\" data-element=\"overlay\" data-pb-style=\"THJH76T\"><div class=\"pagebuilder-collage-content\"><div data-element=\"content\"><h2><span style=\"font-size: 36px;\">Ad un passo<\/span><\/h2><h2><span style=\"font-size: 36px;\">dal futuro<\/span><\/h2><p><\/p><h4><span style=\"font-size: 28px;\">Tutti i prodotti di alta gamma che hai sempre desiderato<\/span><\/h4><\/div><\/div><\/div><\/div><\/a><\/div><\/div><\/div>","is_active":true},"stores":["admin"],"media":[]},"admin:homepage_main_banner":{"cms":{"identifier":"homepage_main_banner","title":"Homepage - Main Banner","content":"<style>#html-body [data-pb-style=H07BOCO],#html-body [data-pb-style=VD4BTTS]{background-size:cover;background-repeat:no-repeat;background-attachment:scroll}#html-body [data-pb-style=VD4BTTS]{justify-content:flex-start;display:flex;flex-direction:column;background-position:left top}#html-body [data-pb-style=H07BOCO]{background-position:center top;border-radius:50px}#html-body [data-pb-style=DBGDDNA]{border-radius:50px;min-height:400px;background-color:transparent}<\/style><div data-content-type=\"row\" data-appearance=\"contained\" data-element=\"main\"><div data-enable-parallax=\"0\" data-parallax-speed=\"0.5\" data-background-images=\"{}\" data-background-type=\"image\" data-video-loop=\"true\" data-video-play-only-visible=\"true\" data-video-lazy-load=\"true\" data-video-fallback-src=\"\" data-element=\"inner\" data-pb-style=\"VD4BTTS\"><div data-content-type=\"banner\" data-appearance=\"poster\" data-show-button=\"never\" data-show-overlay=\"never\" data-element=\"main\"><a href=\"https:\/\/www.example.com\" target=\"\" data-link-type=\"default\" data-element=\"link\"><div class=\"pagebuilder-banner-wrapper\" data-background-images=\"{\\&quot;desktop_image\\&quot;:\\&quot;{{media url=wysiwyg\/home2.jpg}}\\&quot;}\" data-background-type=\"image\" data-video-loop=\"true\" data-video-play-only-visible=\"true\" data-video-lazy-load=\"true\" data-video-fallback-src=\"\" data-element=\"wrapper\" data-pb-style=\"H07BOCO\"><div class=\"pagebuilder-overlay pagebuilder-poster-overlay\" data-overlay-color=\"\" data-element=\"overlay\" data-pb-style=\"DBGDDNA\"><div class=\"pagebuilder-poster-content\"><div data-element=\"content\"><h2>Siamo pronti ad aiutarti<\/h2><h2>Online o per telefono.<\/h2><p><\/p><p>Seguirti e sostenerti nelle fasi di<\/p><p>Acquisto, consegna e installazione<\/p><\/div><\/div><\/div><\/div><\/a><\/div><\/div><\/div>","is_active":true},"stores":["admin"],"media":[]},"admin:homepage_promotions":{"cms":{"identifier":"homepage_promotions","title":"Homepage - Promotions","content":"<style>#html-body [data-pb-style=NP3LS0I],#html-body [data-pb-style=YXIROLQ]{justify-content:flex-start;display:flex;flex-direction:column;background-position:left top;background-size:cover;background-repeat:no-repeat;background-attachment:scroll}#html-body [data-pb-style=NP3LS0I]{width:50%;align-self:stretch}#html-body [data-pb-style=S35OST7]{border-style:none}#html-body [data-pb-style=J5C87QF],#html-body [data-pb-style=MB8K21C]{max-width:100%;height:auto}#html-body [data-pb-style=BQ1NNDR]{justify-content:flex-start;display:flex;flex-direction:column;background-position:left top;background-size:cover;background-repeat:no-repeat;background-attachment:scroll;width:50%;align-self:stretch}#html-body [data-pb-style=OCAYRT1]{border-style:none}#html-body [data-pb-style=PM34BQD],#html-body [data-pb-style=YGHMQYS]{max-width:100%;height:auto}@media only screen and (max-width: 768px) { #html-body [data-pb-style=OCAYRT1],#html-body [data-pb-style=S35OST7]{border-style:none} }<\/style><div data-content-type=\"row\" data-appearance=\"contained\" data-element=\"main\"><div data-enable-parallax=\"0\" data-parallax-speed=\"0.5\" data-background-images=\"{}\" data-background-type=\"image\" data-video-loop=\"true\" data-video-play-only-visible=\"true\" data-video-lazy-load=\"true\" data-video-fallback-src=\"\" data-element=\"inner\" data-pb-style=\"YXIROLQ\"><h2 data-content-type=\"heading\" data-appearance=\"default\" data-element=\"main\">Promotions<\/h2><div class=\"pagebuilder-column-group\" style=\"display: flex;\" data-content-type=\"column-group\" data-grid-size=\"12\" data-element=\"main\"><div class=\"pagebuilder-column\" data-content-type=\"column\" data-appearance=\"full-height\" data-background-images=\"{}\" data-element=\"main\" data-pb-style=\"NP3LS0I\"><figure data-content-type=\"image\" data-appearance=\"full-width\" data-element=\"main\" data-pb-style=\"S35OST7\"><a href=\"https:\/\/www.example.com\" target=\"\" data-link-type=\"default\" title=\"\" data-element=\"link\"><img class=\"pagebuilder-mobile-hidden\" src=\"{{media url=wysiwyg\/prod17.jpg}}\" alt=\"\" title=\"\" data-element=\"desktop_image\" data-pb-style=\"MB8K21C\"><img class=\"pagebuilder-mobile-only\" src=\"{{media url=wysiwyg\/prod17.jpg}}\" alt=\"\" title=\"\" data-element=\"mobile_image\" data-pb-style=\"J5C87QF\"><\/a><\/figure><\/div><div class=\"pagebuilder-column\" data-content-type=\"column\" data-appearance=\"full-height\" data-background-images=\"{}\" data-element=\"main\" data-pb-style=\"BQ1NNDR\"><figure data-content-type=\"image\" data-appearance=\"full-width\" data-element=\"main\" data-pb-style=\"OCAYRT1\"><a href=\"https:\/\/www.example.com\" target=\"\" data-link-type=\"default\" title=\"\" data-element=\"link\"><img class=\"pagebuilder-mobile-hidden\" src=\"{{media url=wysiwyg\/prod17_1.jpg}}\" alt=\"\" title=\"\" data-element=\"desktop_image\" data-pb-style=\"YGHMQYS\"><img class=\"pagebuilder-mobile-only\" src=\"{{media url=wysiwyg\/prod17_1.jpg}}\" alt=\"\" title=\"\" data-element=\"mobile_image\" data-pb-style=\"PM34BQD\"><\/a><\/figure><\/div><\/div><\/div><\/div>","is_active":true},"stores":["admin"],"media":[]},"admin:homepage_news":{"cms":{"identifier":"homepage_news","title":"Homepage - News","content":"<style>#html-body [data-pb-style=YRMVIJT]{justify-content:flex-start;display:flex;flex-direction:column;background-position:left top;background-size:cover;background-repeat:no-repeat;background-attachment:scroll}#html-body [data-pb-style=LITKW5T]{min-height:300px}#html-body [data-pb-style=QY6TRK7]{background-position:center center;background-size:cover;background-repeat:no-repeat;border-radius:50px;min-height:560px}#html-body [data-pb-style=LFNSHXD]{background-color:transparent}#html-body [data-pb-style=D50KPQ0]{background-position:center center;background-size:cover;background-repeat:no-repeat;border-radius:50px;min-height:560px}#html-body [data-pb-style=FPHFA66]{background-color:transparent}<\/style><div data-content-type=\"row\" data-appearance=\"contained\" data-element=\"main\"><div data-enable-parallax=\"0\" data-parallax-speed=\"0.5\" data-background-images=\"{}\" data-background-type=\"image\" data-video-loop=\"true\" data-video-play-only-visible=\"true\" data-video-lazy-load=\"true\" data-video-fallback-src=\"\" data-element=\"inner\" data-pb-style=\"YRMVIJT\"><h2 data-content-type=\"heading\" data-appearance=\"default\" data-element=\"main\">Discover the news<\/h2><div class=\"pagebuilder-slider\" data-content-type=\"slider\" data-appearance=\"default\" data-autoplay=\"false\" data-autoplay-speed=\"4000\" data-fade=\"false\" data-infinite-loop=\"false\" data-show-arrows=\"false\" data-show-dots=\"true\" data-element=\"main\" data-pb-style=\"LITKW5T\"><div data-content-type=\"slide\" data-slide-name=\"\" data-appearance=\"collage-centered\" data-show-button=\"never\" data-show-overlay=\"never\" data-element=\"main\"><a href=\"https:\/\/www.example.com\" target=\"\" data-link-type=\"default\" data-element=\"link\"><div class=\"pagebuilder-slide-wrapper\" data-background-images=\"{\\&quot;desktop_image\\&quot;:\\&quot;{{media url=wysiwyg\/home7.jpg}}\\&quot;}\" data-background-type=\"image\" data-video-loop=\"true\" data-video-play-only-visible=\"true\" data-video-lazy-load=\"true\" data-video-fallback-src=\"\" data-element=\"wrapper\" data-pb-style=\"QY6TRK7\"><div class=\"pagebuilder-overlay\" data-overlay-color=\"\" data-element=\"overlay\" data-pb-style=\"LFNSHXD\"><div class=\"pagebuilder-collage-content\"><div data-element=\"content\"><h2 style=\"text-align: left;\"><span style=\"font-size: 34px;\">Win Your<\/span><\/h2><h2 style=\"text-align: left;\"><span style=\"font-size: 34px;\">Challenges<\/span><\/h2><p style=\"text-align: left;\"><span style=\"font-size: 18px;\">tutte le avventure<\/span><\/p><p style=\"text-align: left;\"><span style=\"font-size: 18px;\">nelle tue mani!<\/span><\/p><\/div><\/div><\/div><\/div><\/a><\/div><div data-content-type=\"slide\" data-slide-name=\"\" data-appearance=\"collage-centered\" data-show-button=\"never\" data-show-overlay=\"never\" data-element=\"main\"><a href=\"https:\/\/www.example.com\" target=\"\" data-link-type=\"default\" data-element=\"link\"><div class=\"pagebuilder-slide-wrapper\" data-background-images=\"{\\&quot;desktop_image\\&quot;:\\&quot;{{media url=wysiwyg\/home5.jpg}}\\&quot;}\" data-background-type=\"image\" data-video-loop=\"true\" data-video-play-only-visible=\"true\" data-video-lazy-load=\"true\" data-video-fallback-src=\"\" data-element=\"wrapper\" data-pb-style=\"D50KPQ0\"><div class=\"pagebuilder-overlay\" data-overlay-color=\"\" data-element=\"overlay\" data-pb-style=\"FPHFA66\"><div class=\"pagebuilder-collage-content\"><div data-element=\"content\"><h1>Studying<\/h1><h1>everyday<\/h1><\/div><\/div><\/div><\/div><\/a><\/div><\/div><\/div><\/div>","is_active":true},"stores":["admin"],"media":[]},"admin:homepage_offers":{"cms":{"identifier":"homepage_offers","title":"Homepage - Offers","content":"<style>#html-body [data-pb-style=M2JYM11]{justify-content:flex-start;display:flex;flex-direction:column;background-position:left top;background-size:cover;background-repeat:no-repeat;background-attachment:scroll}#html-body [data-pb-style=DUO4SMM]{text-align:center}#html-body [data-pb-style=AG3XPEA]{min-height:300px}#html-body [data-pb-style=BKFMY1U]{background-position:center top;background-size:contain;background-repeat:no-repeat;border-radius:50px;min-height:700px}#html-body [data-pb-style=FQE1F3L]{background-color:transparent}<\/style><div data-content-type=\"row\" data-appearance=\"contained\" data-element=\"main\"><div data-enable-parallax=\"0\" data-parallax-speed=\"0.5\" data-background-images=\"{}\" data-background-type=\"image\" data-video-loop=\"true\" data-video-play-only-visible=\"true\" data-video-lazy-load=\"true\" data-video-fallback-src=\"\" data-element=\"inner\" data-pb-style=\"M2JYM11\"><h2 data-content-type=\"heading\" data-appearance=\"default\" data-element=\"main\" data-pb-style=\"DUO4SMM\">Offerte in evidenza<\/h2><div class=\"pagebuilder-slider\" data-content-type=\"slider\" data-appearance=\"default\" data-autoplay=\"false\" data-autoplay-speed=\"4000\" data-fade=\"false\" data-infinite-loop=\"false\" data-show-arrows=\"false\" data-show-dots=\"true\" data-element=\"main\" data-pb-style=\"AG3XPEA\"><div data-content-type=\"slide\" data-slide-name=\"\" data-appearance=\"collage-centered\" data-show-button=\"never\" data-show-overlay=\"never\" data-element=\"main\"><a href=\"https:\/\/www.example.com\" target=\"\" data-link-type=\"default\" data-element=\"link\"><div class=\"pagebuilder-slide-wrapper\" data-background-images=\"{\\&quot;desktop_image\\&quot;:\\&quot;{{media url=wysiwyg\/offerte.jpg}}\\&quot;}\" data-background-type=\"image\" data-video-loop=\"true\" data-video-play-only-visible=\"true\" data-video-lazy-load=\"true\" data-video-fallback-src=\"\" data-element=\"wrapper\" data-pb-style=\"BKFMY1U\"><div class=\"pagebuilder-overlay\" data-overlay-color=\"\" data-element=\"overlay\" data-pb-style=\"FQE1F3L\"><div class=\"pagebuilder-collage-content\"><div data-element=\"content\"><p style=\"text-align: center;\">Non perdere le nostre offerte<\/p><p style=\"text-align: center;\"><\/p><p style=\"text-align: center;\">scopri cosa abbiamo<\/p><p style=\"text-align: center;\">in serbo per te questo mese.<\/p><\/div><\/div><\/div><\/div><\/a><\/div><\/div><\/div><\/div>","is_active":true},"stores":["admin"],"media":[]},"admin:homepage_helpdesk":{"cms":{"identifier":"homepage_helpdesk","title":"Homepage - Helpdesk","content":"<style>#html-body [data-pb-style=B6I0WDT],#html-body [data-pb-style=XNHMJTX]{justify-content:flex-start;display:flex;flex-direction:column;background-position:left top;background-size:cover;background-repeat:no-repeat;background-attachment:scroll}#html-body [data-pb-style=B6I0WDT]{justify-content:center;width:33.3333%;align-self:center}#html-body [data-pb-style=GYHTHJY]{text-align:center;border-style:none}#html-body [data-pb-style=B8V22BW],#html-body [data-pb-style=U0RB3PB]{max-width:100%;height:auto}#html-body [data-pb-style=H73K6T8]{justify-content:center;display:flex;flex-direction:column;background-position:left top;background-size:cover;background-repeat:no-repeat;background-attachment:scroll;width:33.3333%;align-self:center}#html-body [data-pb-style=OTWX6I6]{text-align:center}#html-body [data-pb-style=Q840N3Q]{justify-content:center;display:flex;flex-direction:column;background-position:left top;background-size:cover;background-repeat:no-repeat;background-attachment:scroll;width:33.3333%;align-self:center}#html-body [data-pb-style=EBFLNDI]{text-align:center;border-style:none}#html-body [data-pb-style=O3PEX8S],#html-body [data-pb-style=T5X0P83]{max-width:100%;height:auto}@media only screen and (max-width: 768px) { #html-body [data-pb-style=EBFLNDI],#html-body [data-pb-style=GYHTHJY]{border-style:none} }<\/style><div data-content-type=\"row\" data-appearance=\"contained\" data-element=\"main\"><div data-enable-parallax=\"0\" data-parallax-speed=\"0.5\" data-background-images=\"{}\" data-background-type=\"image\" data-video-loop=\"true\" data-video-play-only-visible=\"true\" data-video-lazy-load=\"true\" data-video-fallback-src=\"\" data-element=\"inner\" data-pb-style=\"XNHMJTX\"><div class=\"pagebuilder-column-group\" style=\"display: flex;\" data-content-type=\"column-group\" data-grid-size=\"3\" data-element=\"main\"><div class=\"pagebuilder-column\" data-content-type=\"column\" data-appearance=\"align-center\" data-background-images=\"{}\" data-element=\"main\" data-pb-style=\"B6I0WDT\"><figure data-content-type=\"image\" data-appearance=\"full-width\" data-element=\"main\" data-pb-style=\"GYHTHJY\"><img class=\"pagebuilder-mobile-hidden\" src=\"{{media url=wysiwyg\/assistenza.png}}\" alt=\"\" title=\"\" data-element=\"desktop_image\" data-pb-style=\"B8V22BW\"><img class=\"pagebuilder-mobile-only\" src=\"{{media url=wysiwyg\/assistenza.png}}\" alt=\"\" title=\"\" data-element=\"mobile_image\" data-pb-style=\"U0RB3PB\"><\/figure><\/div><div class=\"pagebuilder-column\" data-content-type=\"column\" data-appearance=\"align-center\" data-background-images=\"{}\" data-element=\"main\" data-pb-style=\"H73K6T8\"><h2 data-content-type=\"heading\" data-appearance=\"default\" data-element=\"main\" data-pb-style=\"OTWX6I6\">I nostri specialisti sempre a vostra disposizione<\/h2><\/div><div class=\"pagebuilder-column\" data-content-type=\"column\" data-appearance=\"align-center\" data-background-images=\"{}\" data-element=\"main\" data-pb-style=\"Q840N3Q\"><figure data-content-type=\"image\" data-appearance=\"full-width\" data-element=\"main\" data-pb-style=\"EBFLNDI\"><img class=\"pagebuilder-mobile-hidden\" src=\"{{media url=wysiwyg\/ico-cuffie.png}}\" alt=\"\" title=\"\" data-element=\"desktop_image\" data-pb-style=\"T5X0P83\"><img class=\"pagebuilder-mobile-only\" src=\"{{media url=wysiwyg\/ico-cuffie.png}}\" alt=\"\" title=\"\" data-element=\"mobile_image\" data-pb-style=\"O3PEX8S\"><\/figure><\/div><\/div><\/div><\/div>","is_active":true},"stores":["admin"],"media":[]},"admin:homepage_decision_tree":{"cms":{"identifier":"homepage_decision_tree","title":"Homepage - Decision Tree","content":"<style>#html-body [data-pb-style=FXVHTRO],#html-body [data-pb-style=JPG1PSJ]{justify-content:flex-start;display:flex;flex-direction:column;background-position:left top;background-size:cover;background-repeat:no-repeat;background-attachment:scroll}#html-body [data-pb-style=JPG1PSJ]{width:100%;align-self:stretch}#html-body [data-pb-style=G7M3U0K]{text-align:center;border-style:none}#html-body [data-pb-style=VL5I6V8],#html-body [data-pb-style=X2SNRI3]{max-width:100%;height:auto}#html-body [data-pb-style=CNFW8E1]{justify-content:flex-start;display:flex;flex-direction:column;background-position:left top;background-size:cover;background-repeat:no-repeat;background-attachment:scroll;width:100%;align-self:stretch}#html-body [data-pb-style=IOI5368]{text-align:center}#html-body [data-pb-style=MT6DUH0]{justify-content:flex-start;display:flex;flex-direction:column;background-position:left top;background-size:cover;background-repeat:no-repeat;background-attachment:scroll;width:100%;align-self:stretch}#html-body [data-pb-style=Y8MYCCG]{text-align:center}@media only screen and (max-width: 768px) { #html-body [data-pb-style=G7M3U0K]{border-style:none} }<\/style><div data-content-type=\"row\" data-appearance=\"contained\" data-element=\"main\"><div data-enable-parallax=\"0\" data-parallax-speed=\"0.5\" data-background-images=\"{}\" data-background-type=\"image\" data-video-loop=\"true\" data-video-play-only-visible=\"true\" data-video-lazy-load=\"true\" data-video-fallback-src=\"\" data-element=\"inner\" data-pb-style=\"FXVHTRO\"><div class=\"pagebuilder-column-group\" style=\"display: flex;\" data-content-type=\"column-group\" data-grid-size=\"12\" data-element=\"main\"><div class=\"pagebuilder-column\" data-content-type=\"column\" data-appearance=\"full-height\" data-background-images=\"{}\" data-element=\"main\" data-pb-style=\"JPG1PSJ\"><figure class=\"decision-tree-btn\" data-content-type=\"image\" data-appearance=\"full-width\" data-element=\"main\" data-pb-style=\"G7M3U0K\"><a href=\"#\" target=\"\" data-link-type=\"default\" title=\"\" data-element=\"link\"><img class=\"pagebuilder-mobile-hidden\" src=\"{{media url=wysiwyg\/btn-decision-tree.png}}\" alt=\"\" title=\"\" data-element=\"desktop_image\" data-pb-style=\"X2SNRI3\"><img class=\"pagebuilder-mobile-only\" src=\"{{media url=wysiwyg\/btn-decision-tree.png}}\" alt=\"\" title=\"\" data-element=\"mobile_image\" data-pb-style=\"VL5I6V8\"><\/a><\/figure><div data-content-type=\"block\" data-appearance=\"default\" data-element=\"main\">{{widget type=\"Magento\\Cms\\Block\\Widget\\Block\" template=\"widget\/static_block\/default.phtml\" block_id=\"16\" type_name=\"CMS Static Block\"}}<\/div><\/div><\/div><div class=\"pagebuilder-column-group\" style=\"display: flex;\" data-content-type=\"column-group\" data-grid-size=\"12\" data-element=\"main\"><div class=\"pagebuilder-column\" data-content-type=\"column\" data-appearance=\"full-height\" data-background-images=\"{}\" data-element=\"main\" data-pb-style=\"CNFW8E1\"><h2 data-content-type=\"heading\" data-appearance=\"default\" data-element=\"main\" data-pb-style=\"IOI5368\">Inizia da qui la tua ricerca<\/h2><\/div><\/div><div class=\"pagebuilder-column-group\" style=\"display: flex;\" data-content-type=\"column-group\" data-grid-size=\"12\" data-element=\"main\"><div class=\"pagebuilder-column\" data-content-type=\"column\" data-appearance=\"full-height\" data-background-images=\"{}\" data-element=\"main\" data-pb-style=\"MT6DUH0\"><h3 data-content-type=\"heading\" data-appearance=\"default\" data-element=\"main\" data-pb-style=\"Y8MYCCG\">Segui le nostre Indicazioni per trovare la migliore soluzione per te.<\/h3><\/div><\/div><\/div><\/div>","is_active":true},"stores":["admin"],"media":[]},"admin:homepage_decision_tree_modal":{"cms":{"identifier":"homepage_decision_tree_modal","title":"Homepage - Decision Tree Modal","content":"<div data-content-type=\"html\" data-appearance=\"default\" data-element=\"main\">&lt;style&gt;\r\n.decision-tree-popup {\r\n    backdrop-filter: blur(20px);\r\n}\r\n\r\n.decision-tree-popup .modal-inner-wrap {\r\n    background-color: transparent;\r\n    max-height: none !important;\r\n    width: 100vw;\r\n    height: 100vh;\r\n    margin: 0;\r\n}\r\n\r\n.decision-tree-popup .modal-header {\r\n    border: 0;\r\n}\r\n\r\n.decision-tree-popup .action-close:before {\r\n    font-size: 80px;\r\n    line-height: 80px;\r\n    color: #fff;\r\n}\r\n\r\n.decision-tree-popup .action-close:hover:before {\r\n    font-size: 80px;\r\n    line-height: 80px;\r\n    color: #fff;\r\n}\r\n\r\n.decision-tree-popup .modal-content {\r\n    height: calc(100vh - 42px);\r\n    width: 100vw;\r\n    padding: 0;\r\n    background-color: transparent;\r\n    border: 0;\r\n}\r\n\r\n.decision-tree-popup iframe {\r\n    height: calc(100vh - 50px);\r\n}\r\n\r\n.modal-slide .action-close {\r\n    padding: 0 2rem;\r\n}\r\n&lt;\/style&gt;\r\n\r\n&lt;div class=\"hidden\" id=\"decision-tree-modal\"&gt;\r\n    &lt;iframe src=\"https:\/\/decisiontree.devmy.it\/\" width=\"100%\" title=\"Nextouch Decision Tree\"&gt;&lt;\/iframe&gt;\r\n&lt;\/div&gt;\r\n\r\n&lt;script&gt;\r\n    require(['jquery', 'Magento_Ui\/js\/modal\/modal'], function ($, modal) {\r\n            var options = {\r\n                type: 'popup',\r\n                modalClass: 'decision-tree-popup',\r\n                responsive: true,\r\n                innerScroll: true,\r\n                buttons: [],\r\n            };\r\n\r\n            var popup = modal(options, $('#decision-tree-modal'));\r\n            $(\".decision-tree-btn\").on('click', function () {\r\n                $(\"#decision-tree-modal\").modal(\"openModal\");\r\n            });\r\n\r\n        }\r\n    );\r\n&lt;\/script&gt;<\/div>","is_active":true},"stores":["admin"],"media":[]}}}