{"pages":[],"media":[],"blocks":{"admin:catalog_events_lister":{"cms":{"identifier":"catalog_events_lister","title":"Catalog Events Lister","content":"{{block class=\"Magento\\\\CatalogEvent\\\\Block\\\\Event\\\\Lister\" name=\"catalog.event.lister\" template=\"lister.phtml\"}}","is_active":true},"stores":["admin"],"media":[]},"admin:empty-search-results-by-amasty":{"cms":{"identifier":"empty-search-results-by-amasty","title":"Empty Search Results by Amasty","content":"<div class=\"amsearch-emptysearch-cms\">\n    <div class=\"amsearch-content amsearch-item\">\n        <h2 class=\"amsearch-title\">Oops...<\/h2>\n        <p class=\"amsearch-text\">We can't seem to find <br\/> the product you're looking for.<\/p>\n        <div class=\"amsearch-contacts-block\">\n            <p class=\"amsearch-title\">Need help? Email Us.<\/p>\n            <a class=\"amsearch-value\" href=\"mailto:{{config path='trans_email\/ident_general\/email'}}\">\n                {{config path=\"trans_email\/ident_general\/email\"}}\n            <\/a>\n        <\/div>\n    <\/div>\n    <div class=\"amsearch-image-block amsearch-item\">\n        <img src=\"{{media url='amasty\/xsearch\/empty-search.png'}}\" alt=\"Empty search\" \/>\n    <\/div>\n<\/div>","is_active":true},"stores":["admin"],"media":[]},"admin:homepage_hero_slider":{"cms":{"identifier":"homepage_hero_slider","title":"Homepage - Hero Slider","content":"<style>#html-body [data-pb-style=O68RL8J]{justify-content:flex-start;display:flex;flex-direction:column;background-position:left top;background-size:cover;background-repeat:no-repeat;background-attachment:scroll}<\/style><div data-content-type=\"row\" data-appearance=\"full-bleed\" data-enable-parallax=\"0\" data-parallax-speed=\"0.5\" data-background-images=\"{}\" data-background-type=\"image\" data-video-loop=\"true\" data-video-play-only-visible=\"true\" data-video-lazy-load=\"true\" data-video-fallback-src=\"\" data-element=\"main\" data-pb-style=\"O68RL8J\"><div data-content-type=\"html\" data-appearance=\"default\" data-element=\"main\">&lt;div class=\"home-slick-slider\" data-mage-init='{\"initSlick\":{\"slidesToShow\": 1, \"autoplay-speed\":4000, \"arrows\": false, \"dots\": true, \"autoplay\":true, \"content-type\": \"slider\", \"infinite-loop\": true}}'&gt;\r\n   &lt;div class=\"item\"&gt;\r\n        {{block class=\"Magento\\Cms\\Block\\BlockByIdentifier\" identifier=\"homepage_hero_slider_content_slide1\"}}\r\n   &lt;\/div&gt;\r\n   &lt;div class=\"item\"&gt;\r\n       {{block class=\"Magento\\Cms\\Block\\BlockByIdentifier\" identifier=\"homepage_hero_slider_content_slide2\"}}\r\n   &lt;\/div&gt;\r\n   &lt;div class=\"item\"&gt; \r\n       {{block class=\"Magento\\Cms\\Block\\BlockByIdentifier\" identifier=\"homepage_hero_slider_content_slide3\"}}\r\n   &lt;\/div&gt;\r\n&lt;\/div&gt;\r\n<\/div><\/div>","is_active":true},"stores":["admin"],"media":[]},"admin:homepage_main_banner":{"cms":{"identifier":"homepage_main_banner","title":"Homepage - Main Banner","content":"<style>#html-body [data-pb-style=A9TKW7I],#html-body [data-pb-style=IJLQTNC]{background-size:cover;background-repeat:no-repeat;background-attachment:scroll}#html-body [data-pb-style=A9TKW7I]{justify-content:flex-start;display:flex;flex-direction:column;background-position:left top;padding-left:30px;padding-right:30px}#html-body [data-pb-style=IJLQTNC]{background-position:right top;border-radius:20px;min-height:200px}#html-body [data-pb-style=GH5TXSN]{background-color:transparent}<\/style><div data-content-type=\"row\" data-appearance=\"contained\" data-element=\"main\"><div class=\"main-banner-content\" data-enable-parallax=\"0\" data-parallax-speed=\"0.5\" data-background-images=\"{}\" data-background-type=\"image\" data-video-loop=\"true\" data-video-play-only-visible=\"true\" data-video-lazy-load=\"true\" data-video-fallback-src=\"\" data-element=\"inner\" data-pb-style=\"A9TKW7I\"><h2 class=\"indent-heading-desktop hide-desktop\" data-content-type=\"heading\" data-appearance=\"default\" data-element=\"main\">Assistenza<\/h2><div data-content-type=\"banner\" data-appearance=\"collage-left\" data-show-button=\"never\" data-show-overlay=\"never\" data-element=\"main\"><div data-element=\"empty_link\"><div class=\"pagebuilder-banner-wrapper\" data-background-images=\"{\\&quot;desktop_image\\&quot;:\\&quot;{{media url=wysiwyg\/home2.jpg}}\\&quot;}\" data-background-type=\"image\" data-video-loop=\"true\" data-video-play-only-visible=\"true\" data-video-lazy-load=\"true\" data-video-fallback-src=\"\" data-element=\"wrapper\" data-pb-style=\"IJLQTNC\"><div class=\"pagebuilder-overlay\" data-overlay-color=\"\" data-element=\"overlay\" data-pb-style=\"GH5TXSN\"><div class=\"pagebuilder-collage-content\"><div data-element=\"content\"><div class=\"content-banner content-assistenza\"><h2 style=\"color: #ffffff;\">Siamo pronti ad aiutarti Online o per telefono.<\/h2><p style=\"color: #ffffff;\">Seguirti e sostenerti nelle fasi di Acquisto, consegna e installazione<\/p><div class=\"big-icon\"><span class=\"icon cart\"><img src=\"{{media url=wysiwyg\/rodicon_carrell.png}}\" alt=\"Cart\"><\/span><span class=\"icon consegn\"><img src=\"{{media url=wysiwyg\/rodicon_consegn.png}}\" alt=\"Consegna\"><\/span><span class=\"icon install\"><img src=\"{{media url=wysiwyg\/rodicon_install.png}}\" alt=\"Install\"><\/span><\/div><\/div><\/div><\/div><\/div><\/div><\/div><\/div><\/div><\/div>","is_active":true},"stores":["admin"],"media":[]},"admin:homepage_promotions":{"cms":{"identifier":"homepage_promotions","title":"Homepage - Promotions","content":"<style>#html-body [data-pb-style=K4FJXFY],#html-body [data-pb-style=YWAHFIB]{justify-content:flex-start;display:flex;flex-direction:column;background-position:left top;background-size:cover;background-repeat:no-repeat;background-attachment:scroll}#html-body [data-pb-style=YWAHFIB]{padding-left:30px;padding-right:30px}#html-body [data-pb-style=K4FJXFY]{width:50%;align-self:stretch}#html-body [data-pb-style=HFPUHT2]{border-style:none}#html-body [data-pb-style=JDTST7O],#html-body [data-pb-style=VB9H4KA]{border-radius:20px;max-width:100%;height:auto}#html-body [data-pb-style=WDTY0TG]{justify-content:flex-start;display:flex;flex-direction:column;background-position:left top;background-size:cover;background-repeat:no-repeat;background-attachment:scroll;width:50%;align-self:stretch}#html-body [data-pb-style=Y4GPDGC]{border-style:none}#html-body [data-pb-style=A2RYS0E],#html-body [data-pb-style=JLRJB8P]{border-radius:20px;max-width:100%;height:auto}@media only screen and (max-width: 768px) { #html-body [data-pb-style=HFPUHT2],#html-body [data-pb-style=Y4GPDGC]{border-style:none} }<\/style><div data-content-type=\"row\" data-appearance=\"contained\" data-element=\"main\"><div class=\"promotions-block\" data-enable-parallax=\"0\" data-parallax-speed=\"0.5\" data-background-images=\"{}\" data-background-type=\"image\" data-video-loop=\"true\" data-video-play-only-visible=\"true\" data-video-lazy-load=\"true\" data-video-fallback-src=\"\" data-element=\"inner\" data-pb-style=\"YWAHFIB\"><h2 class=\"indent-heading-desktop\" data-content-type=\"heading\" data-appearance=\"default\" data-element=\"main\">Promotions<\/h2><div class=\"pagebuilder-column-group\" style=\"display: flex;\" data-content-type=\"column-group\" data-grid-size=\"12\" data-element=\"main\"><div class=\"pagebuilder-column\" data-content-type=\"column\" data-appearance=\"full-height\" data-background-images=\"{}\" data-element=\"main\" data-pb-style=\"K4FJXFY\"><figure class=\"homeblocks-shadow\" data-content-type=\"image\" data-appearance=\"full-width\" data-element=\"main\" data-pb-style=\"HFPUHT2\"><a href=\"https:\/\/staging.nextouch.it\/it_IT\/prodotti.html\" target=\"\" data-link-type=\"default\" title=\"\" data-element=\"link\"><img class=\"pagebuilder-mobile-hidden\" src=\"{{media url=wysiwyg\/home.3.jpg}}\" alt=\"\" title=\"\" data-element=\"desktop_image\" data-pb-style=\"JDTST7O\"><img class=\"pagebuilder-mobile-only\" src=\"{{media url=wysiwyg\/home.3.jpg}}\" alt=\"\" title=\"\" data-element=\"mobile_image\" data-pb-style=\"VB9H4KA\"><\/a><\/figure><\/div><div class=\"pagebuilder-column\" data-content-type=\"column\" data-appearance=\"full-height\" data-background-images=\"{}\" data-element=\"main\" data-pb-style=\"WDTY0TG\"><figure class=\"homeblocks-shadow\" data-content-type=\"image\" data-appearance=\"full-width\" data-element=\"main\" data-pb-style=\"Y4GPDGC\"><a href=\"https:\/\/staging.nextouch.it\/it_IT\/prodotti.html\" target=\"\" data-link-type=\"default\" title=\"\" data-element=\"link\"><img class=\"pagebuilder-mobile-hidden\" src=\"{{media url=wysiwyg\/home.3.jpg}}\" alt=\"\" title=\"\" data-element=\"desktop_image\" data-pb-style=\"A2RYS0E\"><img class=\"pagebuilder-mobile-only\" src=\"{{media url=wysiwyg\/home.3.jpg}}\" alt=\"\" title=\"\" data-element=\"mobile_image\" data-pb-style=\"JLRJB8P\"><\/a><\/figure><\/div><\/div><\/div><\/div>","is_active":true},"stores":["admin"],"media":[]},"admin:homepage_news":{"cms":{"identifier":"homepage_news","title":"Homepage - News","content":"<style>#html-body [data-pb-style=LE0PDSO]{justify-content:flex-start;display:flex;flex-direction:column;background-position:left top;background-size:cover;background-repeat:no-repeat;background-attachment:scroll;padding-left:30px;padding-right:30px}#html-body [data-pb-style=K3845L5]{min-height:450px;padding-left:0;padding-right:0}#html-body [data-pb-style=A2D08CD]{background-position:center center;background-size:cover;background-repeat:no-repeat;border-radius:50px;min-height:450px}#html-body [data-pb-style=YQPFCCY]{background-color:transparent}#html-body [data-pb-style=EXDX3KN]{background-position:center center;background-size:cover;background-repeat:no-repeat;border-radius:50px;min-height:450px}#html-body [data-pb-style=W87ACWQ]{background-color:transparent}<\/style><div data-content-type=\"row\" data-appearance=\"contained\" data-element=\"main\"><div data-enable-parallax=\"0\" data-parallax-speed=\"0.5\" data-background-images=\"{}\" data-background-type=\"image\" data-video-loop=\"true\" data-video-play-only-visible=\"true\" data-video-lazy-load=\"true\" data-video-fallback-src=\"\" data-element=\"inner\" data-pb-style=\"LE0PDSO\"><h2 class=\"indent-heading-desktop\" data-content-type=\"heading\" data-appearance=\"default\" data-element=\"main\">Discover the news<\/h2><div class=\"pagebuilder-slider home-news-slider\" data-content-type=\"slider\" data-appearance=\"default\" data-autoplay=\"false\" data-autoplay-speed=\"4000\" data-fade=\"false\" data-infinite-loop=\"false\" data-show-arrows=\"false\" data-show-dots=\"true\" data-element=\"main\" data-pb-style=\"K3845L5\"><div data-content-type=\"slide\" data-slide-name=\"\" data-appearance=\"collage-centered\" data-show-button=\"never\" data-show-overlay=\"never\" data-element=\"main\"><a href=\"https:\/\/staging.nextouch.it\/it_IT\/prodotti.html\" target=\"\" data-link-type=\"default\" data-element=\"link\"><div class=\"pagebuilder-slide-wrapper\" data-background-images=\"{\\&quot;desktop_image\\&quot;:\\&quot;{{media url=wysiwyg\/home7.jpg}}\\&quot;}\" data-background-type=\"image\" data-video-loop=\"true\" data-video-play-only-visible=\"true\" data-video-lazy-load=\"true\" data-video-fallback-src=\"\" data-element=\"wrapper\" data-pb-style=\"A2D08CD\"><div class=\"pagebuilder-overlay\" data-overlay-color=\"\" data-element=\"overlay\" data-pb-style=\"YQPFCCY\"><div class=\"pagebuilder-collage-content\"><div data-element=\"content\"><div class=\"absolute-element\" style=\"position: absolute; left: 55%; width: 260px; top: 50%; margin-top: -160px;\"><h2 style=\"text-align: left;\"><span style=\"color: #ffffff; font-size: 26px;\">Win Your <br>Challenges<\/span><\/h2><p style=\"text-align: left;\"><span style=\"font-weight: 600; font-size: 26px;\">tutte le avventure<\/span><\/p><p style=\"text-align: left;\"><span style=\"font-weight: 600; font-size: 26px;\">nelle tue mani!<\/span><\/p><\/div><\/div><\/div><\/div><\/div><\/a><\/div><div data-content-type=\"slide\" data-slide-name=\"\" data-appearance=\"collage-centered\" data-show-button=\"never\" data-show-overlay=\"never\" data-element=\"main\"><a href=\"https:\/\/staging.nextouch.it\/it_IT\/prodotti.html\" target=\"\" data-link-type=\"default\" data-element=\"link\"><div class=\"pagebuilder-slide-wrapper\" data-background-images=\"{\\&quot;desktop_image\\&quot;:\\&quot;{{media url=wysiwyg\/home5.jpg}}\\&quot;}\" data-background-type=\"image\" data-video-loop=\"true\" data-video-play-only-visible=\"true\" data-video-lazy-load=\"true\" data-video-fallback-src=\"\" data-element=\"wrapper\" data-pb-style=\"EXDX3KN\"><div class=\"pagebuilder-overlay\" data-overlay-color=\"\" data-element=\"overlay\" data-pb-style=\"W87ACWQ\"><div class=\"pagebuilder-collage-content\"><div data-element=\"content\"><div class=\"absolute-element\" style=\"position: absolute; left: 55%; top: 50%; margin-top: -160px; width: 250px;\"><h2><span style=\"color: #ffffff;\"><strong>Studying everyday<\/strong><\/span><\/h2><\/div><\/div><\/div><\/div><\/div><\/a><\/div><\/div><\/div><\/div>","is_active":true},"stores":["admin"],"media":[]},"admin:homepage_offers":{"cms":{"identifier":"homepage_offers","title":"Homepage - Offers","content":"<style>#html-body [data-pb-style=FT7EEB8]{justify-content:flex-start;display:flex;flex-direction:column;background-position:left top;background-size:cover;background-repeat:no-repeat;background-attachment:scroll;margin-top:50px;margin-bottom:20px}#html-body [data-pb-style=BBGNB7O]{text-align:left;padding-left:30px;padding-right:30px}#html-body [data-pb-style=XYWMOHR]{justify-content:flex-start;display:flex;flex-direction:column;background-position:left top;background-size:cover;background-repeat:no-repeat;background-attachment:scroll}#html-body [data-pb-style=CGT8ERI],#html-body [data-pb-style=D8D4CIG],#html-body [data-pb-style=TM150VV]{border-style:none;border-width:0}#html-body [data-pb-style=NNWVCNH]{text-align:center}#html-body [data-pb-style=SHL0U1Q]{border-style:none;border-width:0}#html-body [data-pb-style=CVUJVBC],#html-body [data-pb-style=S64D5D5]{background-size:cover;background-repeat:no-repeat;background-attachment:scroll}#html-body [data-pb-style=CVUJVBC]{justify-content:flex-start;display:flex;flex-direction:column;background-position:left top}#html-body [data-pb-style=S64D5D5]{background-position:center center}#html-body [data-pb-style=QJI9D9M]{border-radius:0;background-color:transparent}#html-body [data-pb-style=ID05F2L],#html-body [data-pb-style=LT517DS]{background-size:cover;background-repeat:no-repeat;background-attachment:scroll}#html-body [data-pb-style=ID05F2L]{justify-content:flex-start;display:flex;flex-direction:column;background-position:left top}#html-body [data-pb-style=LT517DS]{background-position:center center}#html-body [data-pb-style=A2L7QUT]{border-radius:0;background-color:transparent}#html-body [data-pb-style=PYWOB8F],#html-body [data-pb-style=QAPQ0G7]{background-size:cover;background-repeat:no-repeat;background-attachment:scroll}#html-body [data-pb-style=QAPQ0G7]{justify-content:flex-start;display:flex;flex-direction:column;background-position:left top}#html-body [data-pb-style=PYWOB8F]{background-position:center center}#html-body [data-pb-style=BLB4THI]{border-radius:0;background-color:transparent}<\/style><div class=\"home-offers\" data-content-type=\"row\" data-appearance=\"full-width\" data-enable-parallax=\"0\" data-parallax-speed=\"0.5\" data-background-images=\"{}\" data-background-type=\"image\" data-video-loop=\"true\" data-video-play-only-visible=\"true\" data-video-lazy-load=\"true\" data-video-fallback-src=\"\" data-element=\"main\" data-pb-style=\"FT7EEB8\"><div class=\"row-full-width-inner\" data-element=\"inner\"><h2 data-content-type=\"heading\" data-appearance=\"default\" data-element=\"main\" data-pb-style=\"BBGNB7O\">Offerte in evidenza<\/h2><\/div><\/div><div class=\"home-offers\" data-content-type=\"row\" data-appearance=\"full-bleed\" data-enable-parallax=\"0\" data-parallax-speed=\"0.5\" data-background-images=\"{}\" data-background-type=\"image\" data-video-loop=\"true\" data-video-play-only-visible=\"true\" data-video-lazy-load=\"true\" data-video-fallback-src=\"\" data-element=\"main\" data-pb-style=\"XYWMOHR\"><div class=\"tab-align-center\" data-content-type=\"tabs\" data-appearance=\"default\" data-active-tab=\"0\" data-element=\"main\"><ul role=\"tablist\" class=\"tabs-navigation\" data-element=\"navigation\" data-pb-style=\"NNWVCNH\"><li role=\"tab\" class=\"tab-header\" data-element=\"headers\" data-pb-style=\"CGT8ERI\"><a href=\"#UQDO6HD\" class=\"tab-title\"><span class=\"tab-title\">Smartphone<\/span><\/a><\/li><li role=\"tab\" class=\"tab-header\" data-element=\"headers\" data-pb-style=\"D8D4CIG\"><a href=\"#DBG68EF\" class=\"tab-title\"><span class=\"tab-title\">Laptop<\/span><\/a><\/li><li role=\"tab\" class=\"tab-header\" data-element=\"headers\" data-pb-style=\"TM150VV\"><a href=\"#EU52HYA\" class=\"tab-title\"><span class=\"tab-title\">Home<\/span><\/a><\/li><\/ul><div class=\"tabs-content\" data-element=\"content\" data-pb-style=\"SHL0U1Q\"><div data-content-type=\"tab-item\" data-appearance=\"default\" data-tab-name=\"Smartphone\" data-background-images=\"{}\" data-element=\"main\" id=\"UQDO6HD\" data-pb-style=\"CVUJVBC\"><div data-content-type=\"banner\" data-appearance=\"poster\" data-show-button=\"never\" data-show-overlay=\"never\" data-element=\"main\"><div data-element=\"empty_link\"><div class=\"pagebuilder-banner-wrapper\" data-background-images=\"{\\&quot;desktop_image\\&quot;:\\&quot;{{media url=wysiwyg\/IMG_4948.jpeg}}\\&quot;}\" data-background-type=\"image\" data-video-loop=\"true\" data-video-play-only-visible=\"true\" data-video-lazy-load=\"true\" data-video-fallback-src=\"\" data-element=\"wrapper\" data-pb-style=\"S64D5D5\"><div class=\"pagebuilder-overlay pagebuilder-poster-overlay\" data-overlay-color=\"\" data-element=\"overlay\" data-pb-style=\"QJI9D9M\"><div class=\"pagebuilder-poster-content\"><div data-element=\"content\"><h3 style=\"text-align: center;\"><\/h3><p><\/p><h3 style=\"text-align: center;\"><span style=\"color: #ffffff;\">Non perdere le nostre offerte<\/span><\/h3><p style=\"text-align: center;\"><span style=\"color: #ffffff;\">scopri cosa abbiamo<\/span><\/p><p style=\"text-align: center;\"><span style=\"color: #ffffff;\">in serbo per te questo mese.<\/span><\/p><p style=\"text-align: center;\"><\/p><p style=\"text-align: center;\"><\/p><p style=\"text-align: center;\"><a class=\"link-button\" style=\"color: #ffffff; border: 2px solid #fff; border-radius: 20px; padding: 5px 25px;\" tabindex=\"0\" href=\"https:\/\/staging.nextouch.it\/it_IT\/prodotti.html?am_on_sale=1\">Offerte<\/a><\/p><\/div><\/div><\/div><\/div><\/div><\/div><\/div><div data-content-type=\"tab-item\" data-appearance=\"default\" data-tab-name=\"Laptop\" data-background-images=\"{}\" data-element=\"main\" id=\"DBG68EF\" data-pb-style=\"ID05F2L\"><div data-content-type=\"banner\" data-appearance=\"poster\" data-show-button=\"never\" data-show-overlay=\"never\" data-element=\"main\"><div data-element=\"empty_link\"><div class=\"pagebuilder-banner-wrapper\" data-background-images=\"{\\&quot;desktop_image\\&quot;:\\&quot;{{media url=wysiwyg\/IMG_4948.jpeg}}\\&quot;}\" data-background-type=\"image\" data-video-loop=\"true\" data-video-play-only-visible=\"true\" data-video-lazy-load=\"true\" data-video-fallback-src=\"\" data-element=\"wrapper\" data-pb-style=\"LT517DS\"><div class=\"pagebuilder-overlay pagebuilder-poster-overlay\" data-overlay-color=\"\" data-element=\"overlay\" data-pb-style=\"A2L7QUT\"><div class=\"pagebuilder-poster-content\"><div data-element=\"content\"><h3 style=\"text-align: center;\"><\/h3><p><\/p><h3 style=\"text-align: center;\"><span style=\"color: #ffffff;\">Non perdere le nostre offerte<\/span><\/h3><p style=\"text-align: center;\"><span style=\"color: #ffffff;\">scopri cosa abbiamo<\/span><\/p><p style=\"text-align: center;\"><span style=\"color: #ffffff;\">in serbo per te questo mese.<\/span><\/p><p style=\"text-align: center;\"><\/p><p style=\"text-align: center;\"><\/p><p style=\"text-align: center;\"><a class=\"link-button\" style=\"color: #ffffff; border: 2px solid #fff; border-radius: 20px; padding: 5px 25px;\" tabindex=\"0\" href=\"https:\/\/staging.nextouch.it\/it_IT\/prodotti.html?am_on_sale=1\">Offerte<\/a><\/p><\/div><\/div><\/div><\/div><\/div><\/div><\/div><div data-content-type=\"tab-item\" data-appearance=\"default\" data-tab-name=\"Home\" data-background-images=\"{}\" data-element=\"main\" id=\"EU52HYA\" data-pb-style=\"QAPQ0G7\"><div data-content-type=\"banner\" data-appearance=\"poster\" data-show-button=\"never\" data-show-overlay=\"never\" data-element=\"main\"><div data-element=\"empty_link\"><div class=\"pagebuilder-banner-wrapper\" data-background-images=\"{\\&quot;desktop_image\\&quot;:\\&quot;{{media url=wysiwyg\/IMG_4948.jpeg}}\\&quot;}\" data-background-type=\"image\" data-video-loop=\"true\" data-video-play-only-visible=\"true\" data-video-lazy-load=\"true\" data-video-fallback-src=\"\" data-element=\"wrapper\" data-pb-style=\"PYWOB8F\"><div class=\"pagebuilder-overlay pagebuilder-poster-overlay\" data-overlay-color=\"\" data-element=\"overlay\" data-pb-style=\"BLB4THI\"><div class=\"pagebuilder-poster-content\"><div data-element=\"content\"><h3 style=\"text-align: center;\"><span style=\"color: #ffffff;\">Non perdere le nostre offerte<\/span><\/h3><p style=\"text-align: center;\"><span style=\"color: #ffffff;\">scopri cosa abbiamo<\/span><\/p><p style=\"text-align: center;\"><span style=\"color: #ffffff;\">in serbo per te questo mese.<\/span><\/p><p style=\"text-align: center;\"><a class=\"link-button\" style=\"color: #ffffff; border: 2px solid #fff; border-radius: 20px; padding: 5px 25px;\" tabindex=\"0\" href=\"https:\/\/staging.nextouch.it\/it_IT\/prodotti.html?am_on_sale=1\">Offerte<\/a><\/p><\/div><\/div><\/div><\/div><\/div><\/div><\/div><\/div><\/div><\/div>","is_active":true},"stores":["admin"],"media":[]},"admin:homepage_helpdesk":{"cms":{"identifier":"homepage_helpdesk","title":"Homepage - Helpdesk","content":"<style>#html-body [data-pb-style=KHAEEGC],#html-body [data-pb-style=SBRJ7PP]{justify-content:flex-start;display:flex;flex-direction:column;background-position:left top;background-size:cover;background-repeat:no-repeat;background-attachment:scroll}#html-body [data-pb-style=KHAEEGC]{justify-content:center;width:33.3333%;align-self:center}#html-body [data-pb-style=BRFEJG4]{text-align:center;border-style:none}#html-body [data-pb-style=IT4LAHP],#html-body [data-pb-style=OM3M30V]{max-width:100%;height:auto}#html-body [data-pb-style=NHNPCGV]{justify-content:center;display:flex;flex-direction:column;background-position:left top;background-size:cover;background-repeat:no-repeat;background-attachment:scroll;width:33.3333%;align-self:center}#html-body [data-pb-style=R9JXBHR]{text-align:center}#html-body [data-pb-style=SYJXSJF]{justify-content:center;display:flex;flex-direction:column;background-position:left top;background-size:cover;background-repeat:no-repeat;background-attachment:scroll;width:33.3333%;align-self:center}#html-body [data-pb-style=UEM7AF1]{text-align:center;border-style:none}#html-body [data-pb-style=FDPIB0T],#html-body [data-pb-style=N33JK6P]{max-width:100%;height:auto}@media only screen and (max-width: 768px) { #html-body [data-pb-style=BRFEJG4],#html-body [data-pb-style=UEM7AF1]{border-style:none} }<\/style><div data-content-type=\"row\" data-appearance=\"contained\" data-element=\"main\"><div class=\"home-helpdesk\" data-enable-parallax=\"0\" data-parallax-speed=\"0.5\" data-background-images=\"{}\" data-background-type=\"image\" data-video-loop=\"true\" data-video-play-only-visible=\"true\" data-video-lazy-load=\"true\" data-video-fallback-src=\"\" data-element=\"inner\" data-pb-style=\"SBRJ7PP\"><div class=\"pagebuilder-column-group\" style=\"display: flex;\" data-content-type=\"column-group\" data-grid-size=\"3\" data-element=\"main\"><div class=\"pagebuilder-column\" data-content-type=\"column\" data-appearance=\"align-center\" data-background-images=\"{}\" data-element=\"main\" data-pb-style=\"KHAEEGC\"><figure data-content-type=\"image\" data-appearance=\"full-width\" data-element=\"main\" data-pb-style=\"BRFEJG4\"><img class=\"pagebuilder-mobile-hidden\" src=\"{{media url=wysiwyg\/assistenza.png}}\" alt=\"\" title=\"\" data-element=\"desktop_image\" data-pb-style=\"IT4LAHP\"><img class=\"pagebuilder-mobile-only\" src=\"{{media url=wysiwyg\/assistenza.png}}\" alt=\"\" title=\"\" data-element=\"mobile_image\" data-pb-style=\"OM3M30V\"><\/figure><\/div><div class=\"pagebuilder-column\" data-content-type=\"column\" data-appearance=\"align-center\" data-background-images=\"{}\" data-element=\"main\" data-pb-style=\"NHNPCGV\"><h3 data-content-type=\"heading\" data-appearance=\"default\" data-element=\"main\" data-pb-style=\"R9JXBHR\">I nostri specialisti sempre a vostra disposizione<\/h3><\/div><div class=\"pagebuilder-column\" data-content-type=\"column\" data-appearance=\"align-center\" data-background-images=\"{}\" data-element=\"main\" data-pb-style=\"SYJXSJF\"><figure data-content-type=\"image\" data-appearance=\"full-width\" data-element=\"main\" data-pb-style=\"UEM7AF1\"><img class=\"pagebuilder-mobile-hidden\" src=\"{{media url=wysiwyg\/ico-cuffie.png}}\" alt=\"\" title=\"\" data-element=\"desktop_image\" data-pb-style=\"FDPIB0T\"><img class=\"pagebuilder-mobile-only\" src=\"{{media url=wysiwyg\/ico-cuffie.png}}\" alt=\"\" title=\"\" data-element=\"mobile_image\" data-pb-style=\"N33JK6P\"><\/figure><\/div><\/div><\/div><\/div>","is_active":true},"stores":["admin"],"media":[]},"admin:homepage_decision_tree":{"cms":{"identifier":"homepage_decision_tree","title":"Homepage - Decision Tree","content":"<style>#html-body [data-pb-style=R2KPT5V],#html-body [data-pb-style=YHI1JTU]{justify-content:flex-start;display:flex;flex-direction:column;background-position:center center;background-size:cover;background-repeat:no-repeat;background-attachment:scroll}#html-body [data-pb-style=YHI1JTU]{background-position:left top;width:100%;align-self:stretch}#html-body [data-pb-style=JTWBAB7]{text-align:center;border-style:none}#html-body [data-pb-style=HGV7SG6],#html-body [data-pb-style=UF4AXGL]{max-width:100%;height:auto}#html-body [data-pb-style=JSTTY3B]{justify-content:flex-start;display:flex;flex-direction:column;background-position:left top;background-size:cover;background-repeat:no-repeat;background-attachment:scroll;width:100%;align-self:stretch}#html-body [data-pb-style=I1KR1WM]{text-align:center}#html-body [data-pb-style=NFFB8BW]{justify-content:flex-start;display:flex;flex-direction:column;background-position:left top;background-size:cover;background-repeat:no-repeat;background-attachment:scroll;width:100%;align-self:stretch}#html-body [data-pb-style=QB9K8V3]{text-align:center}@media only screen and (max-width: 768px) { #html-body [data-pb-style=JTWBAB7]{border-style:none} }<\/style><div data-content-type=\"row\" data-appearance=\"contained\" data-element=\"main\"><div class=\"decision-tree\" data-enable-parallax=\"0\" data-parallax-speed=\"0.5\" data-background-images=\"{}\" data-background-type=\"image\" data-video-loop=\"true\" data-video-play-only-visible=\"true\" data-video-lazy-load=\"true\" data-video-fallback-src=\"\" data-element=\"inner\" data-pb-style=\"R2KPT5V\"><div class=\"pagebuilder-column-group\" style=\"display: flex;\" data-content-type=\"column-group\" data-grid-size=\"12\" data-element=\"main\"><div class=\"pagebuilder-column\" data-content-type=\"column\" data-appearance=\"full-height\" data-background-images=\"{}\" data-element=\"main\" data-pb-style=\"YHI1JTU\"><figure class=\"decision-tree-btn\" data-content-type=\"image\" data-appearance=\"full-width\" data-element=\"main\" data-pb-style=\"JTWBAB7\"><a href=\"#\" target=\"\" data-link-type=\"default\" title=\"\" data-element=\"link\"><img class=\"pagebuilder-mobile-hidden\" src=\"{{media url=wysiwyg\/btn-decision-tree.png}}\" alt=\"\" title=\"\" data-element=\"desktop_image\" data-pb-style=\"UF4AXGL\"><img class=\"pagebuilder-mobile-only\" src=\"{{media url=wysiwyg\/btn-decision-tree.png}}\" alt=\"\" title=\"\" data-element=\"mobile_image\" data-pb-style=\"HGV7SG6\"><\/a><\/figure><div data-content-type=\"html\" data-appearance=\"default\" data-element=\"main\">&lt;div class=\"decision-tree-anchor\"&gt;&amp;nbsp;&lt;\/div&gt;\r\n&lt;script type=\"text\/x-magento-init\"&gt;\r\n{\r\n    \r\n    \".decision-tree\": {\r\n        \"scrollDecisionTree\": true\r\n    }\r\n}\r\n&lt;\/script&gt;<\/div><div data-content-type=\"block\" data-appearance=\"default\" data-element=\"main\">{{widget type=\"Magento\\Cms\\Block\\Widget\\Block\" template=\"widget\/static_block\/default.phtml\" block_id=\"10\" type_name=\"CMS Static Block\"}}<\/div><\/div><\/div><div class=\"pagebuilder-column-group\" style=\"display: flex;\" data-content-type=\"column-group\" data-grid-size=\"12\" data-element=\"main\"><div class=\"pagebuilder-column\" data-content-type=\"column\" data-appearance=\"full-height\" data-background-images=\"{}\" data-element=\"main\" data-pb-style=\"JSTTY3B\"><h2 data-content-type=\"heading\" data-appearance=\"default\" data-element=\"main\" data-pb-style=\"I1KR1WM\">Inizia da qui la tua ricerca<\/h2><\/div><\/div><div class=\"pagebuilder-column-group\" style=\"display: flex;\" data-content-type=\"column-group\" data-grid-size=\"12\" data-element=\"main\"><div class=\"pagebuilder-column\" data-content-type=\"column\" data-appearance=\"full-height\" data-background-images=\"{}\" data-element=\"main\" data-pb-style=\"NFFB8BW\"><h3 data-content-type=\"heading\" data-appearance=\"default\" data-element=\"main\" data-pb-style=\"QB9K8V3\">Segui le nostre Indicazioni per trovare la migliore soluzione per te.<\/h3><\/div><\/div><\/div><\/div>","is_active":true},"stores":["admin"],"media":[]},"admin:homepage_decision_tree_modal":{"cms":{"identifier":"homepage_decision_tree_modal","title":"Homepage - Decision Tree Modal","content":"<div data-content-type=\"html\" data-appearance=\"default\" data-element=\"main\">&lt;style&gt;\r\n.decision-tree-popup {\r\n    backdrop-filter: blur(20px);\r\n}\r\n\r\n.decision-tree-popup .modal-inner-wrap {\r\n    background-color: transparent;\r\n    max-height: none !important;\r\n    width: 100vw;\r\n    height: 100vh;\r\n    margin: 0;\r\n}\r\n\r\n.decision-tree-popup .modal-header {\r\n    border: 0;\r\n}\r\n\r\n.decision-tree-popup .action-close:before {\r\n    font-size: 80px;\r\n    line-height: 80px;\r\n    color: #fff;\r\n}\r\n\r\n.decision-tree-popup .action-close:hover:before {\r\n    font-size: 80px;\r\n    line-height: 80px;\r\n    color: #fff;\r\n}\r\n\r\n.decision-tree-popup .modal-content {\r\n    height: calc(100vh - 42px);\r\n    width: 100vw;\r\n    padding: 0;\r\n    background-color: transparent;\r\n    border: 0;\r\n}\r\n\r\n.decision-tree-popup iframe {\r\n    height: calc(100vh - 50px);\r\n}\r\n\r\n.modal-slide .action-close {\r\n    padding: 0 2rem;\r\n}\r\n&lt;\/style&gt;\r\n\r\n&lt;div class=\"hidden\" id=\"decision-tree-modal\"&gt;\r\n    &lt;iframe src=\"https:\/\/decisiontree.devmy.it\/\" id=\"decision-tree-iframe\" width=\"100%\" title=\"Nextouch Decision Tree\"&gt;&lt;\/iframe&gt;\r\n&lt;\/div&gt;\r\n\r\n&lt;script&gt;\r\n    require(['jquery', 'Magento_Ui\/js\/modal\/modal'], function ($, modal) {\r\n            var $iframe = $('#decision-tree-iframe');\r\n\r\n            var options = {\r\n                type: 'popup',\r\n                modalClass: 'decision-tree-popup',\r\n                responsive: true,\r\n                innerScroll: true,\r\n                buttons: [],\r\n            };\r\n\r\n            var popup = modal(options, $('#decision-tree-modal'));\r\n            $(\".decision-tree-btn\").on('click', function () {\r\n                $(\"#decision-tree-modal\").modal(\"openModal\");\r\n            });\r\n\r\n            \/\/ Refresh iframe\r\n            $('.decision-tree-popup').on('click', '.action-close', function() {\r\n                $iframe.attr('src', $iframe.attr('src'));\r\n            });\r\n        }\r\n    );\r\n&lt;\/script&gt;<\/div>","is_active":true},"stores":["admin"],"media":[]},"admin:homepage_hero_slider_content_slide1":{"cms":{"identifier":"homepage_hero_slider_content_slide1","title":"Homepage - Hero Slider - content slide1","content":"<style>#html-body [data-pb-style=QGO98K3]{justify-content:flex-start;display:flex;flex-direction:column;background-position:left top;background-size:cover;background-repeat:no-repeat;background-attachment:scroll}<\/style><div data-content-type=\"row\" data-appearance=\"full-bleed\" data-enable-parallax=\"0\" data-parallax-speed=\"0.5\" data-background-images=\"{}\" data-background-type=\"image\" data-video-loop=\"true\" data-video-play-only-visible=\"true\" data-video-lazy-load=\"true\" data-video-fallback-src=\"\" data-element=\"main\" data-pb-style=\"QGO98K3\"><div data-content-type=\"html\" data-appearance=\"default\" data-element=\"main\">&lt;div class=\"\" style=\"position:relative;\"&gt;\r\n\r\n&lt;img src=\"{{media url=wysiwyg\/slidemobile.jpg}}\" srcset=\"{{media url=wysiwyg\/home1.jpg}} 768w,\r\n          {{media url=wysiwyg\/slidemobile.jpg}} 768w\" \/&gt;  \r\n&lt;div class=\"caption hidden-mobile\" style=\"position:absolute; top:50%; max-width: 300px; margin-top: -100px; left: 50%; margin-left: -400px;\"&gt;\r\n   &lt;h2&gt;Ad un passo dal futuro&lt;\/h2&gt;\r\n  &lt;div class=\"slide-description\"&gt;Tutti i prodotti di alta gamma che hai sempre desiderato&lt;\/div&gt;\r\n&lt;\/div&gt;\r\n&lt;\/div&gt;<\/div><\/div>","is_active":true},"stores":["admin"],"media":[]},"admin:homepage_hero_slider_content_slide2":{"cms":{"identifier":"homepage_hero_slider_content_slide2","title":"Homepage - Hero Slider - content slide2","content":"<style>#html-body [data-pb-style=YA5Q53Y]{justify-content:flex-start;display:flex;flex-direction:column;background-position:left top;background-size:cover;background-repeat:no-repeat;background-attachment:scroll}<\/style><div data-content-type=\"row\" data-appearance=\"full-bleed\" data-enable-parallax=\"0\" data-parallax-speed=\"0.5\" data-background-images=\"{}\" data-background-type=\"image\" data-video-loop=\"true\" data-video-play-only-visible=\"true\" data-video-lazy-load=\"true\" data-video-fallback-src=\"\" data-element=\"main\" data-pb-style=\"YA5Q53Y\"><div data-content-type=\"html\" data-appearance=\"default\" data-element=\"main\">&lt;div class=\"\" style=\"position:relative;\"&gt;\r\n\r\n&lt;img src=\"{{media url=wysiwyg\/home8.jpg}}\" srcset=\"{{media url=wysiwyg\/home8.jpg}} 768w,\r\n          {{media url=wysiwyg\/home8.jpg}} 768w\" \/&gt;  \r\n&lt;div class=\"caption hidden-mobile\" style=\"position:absolute; top:50%; max-width: 300px; margin-top: -100px; left: 50%; margin-left: -400px;\"&gt;\r\n   &lt;h2&gt;Ad un passo dal futuro&lt;\/h2&gt;\r\n  &lt;div class=\"slide-description\" style=\"color:#fff; text-align:left;\"&gt;Tutti i prodotti di alta gamma che hai sempre desiderato&lt;\/div&gt;\r\n&lt;\/div&gt;\r\n&lt;\/div&gt;\r\n <\/div><\/div>","is_active":true},"stores":["admin"],"media":[]},"admin:homepage_hero_slider_content_slide3":{"cms":{"identifier":"homepage_hero_slider_content_slide3","title":"Homepage - Hero Slider - content slide3","content":"<style>#html-body [data-pb-style=DJ83JOR]{justify-content:flex-start;display:flex;flex-direction:column;background-position:left top;background-size:cover;background-repeat:no-repeat;background-attachment:scroll}<\/style><div data-content-type=\"row\" data-appearance=\"full-bleed\" data-enable-parallax=\"0\" data-parallax-speed=\"0.5\" data-background-images=\"{}\" data-background-type=\"image\" data-video-loop=\"true\" data-video-play-only-visible=\"true\" data-video-lazy-load=\"true\" data-video-fallback-src=\"\" data-element=\"main\" data-pb-style=\"DJ83JOR\"><div data-content-type=\"html\" data-appearance=\"default\" data-element=\"main\">&lt;div class=\"\" style=\"position:relative;\"&gt;\r\n\r\n&lt;img src=\"{{media url=wysiwyg\/slidemobile.jpg}}\" srcset=\"{{media url=wysiwyg\/home1.jpg}} 768w,\r\n          {{media url=wysiwyg\/slidemobile.jpg}} 768w\" \/&gt;  \r\n&lt;div class=\"caption hidden-mobile\" style=\"position:absolute; top:50%; max-width: 300px; margin-top: -100px; left: 50%; margin-left: -400px;\"&gt;\r\n   &lt;h2&gt;Ad un passo dal futuro&lt;\/h2&gt;\r\n  &lt;div class=\"slide-description\"&gt;Tutti i prodotti di alta gamma che hai sempre desiderato&lt;\/div&gt;\r\n&lt;\/div&gt;\r\n&lt;\/div&gt;<\/div><\/div>","is_active":true},"stores":["admin"],"media":[]}}}