{"pages":{"admin:no-route":{"cms":{"identifier":"no-route","title":"404 Not Found","page_layout":"2columns-right","meta_keywords":"Page keywords","meta_description":"Page description","content_heading":"Whoops, our bad...","content":"<dl>\r\n<dt>The page you requested was not found, and we have a fine guess why.<\/dt>\r\n<dd>\r\n<ul class=\"disc\">\r\n<li>If you typed the URL directly, please make sure the spelling is correct.<\/li>\r\n<li>If you clicked on a link to get here, the link is outdated.<\/li>\r\n<\/ul><\/dd>\r\n<\/dl>\r\n<dl>\r\n<dt>What can you do?<\/dt>\r\n<dd>Have no fear, help is near! There are many ways you can get back on track with Magento Store.<\/dd>\r\n<dd>\r\n<ul class=\"disc\">\r\n<li><a href=\"#\" onclick=\"history.go(-1); return false;\">Go back<\/a> to the previous page.<\/li>\r\n<li>Use the search bar at the top of the page to search for your products.<\/li>\r\n<li>Follow these links to get you back on track!<br \/><a href=\"{{store url=\"\"}}\">Store Home<\/a> <span class=\"separator\">|<\/span> <a href=\"{{store url=\"customer\/account\"}}\">My Account<\/a><\/li><\/ul><\/dd><\/dl>\r\n","sort_order":"0","layout_update_xml":null,"custom_theme":null,"custom_root_template":null,"custom_layout_update_xml":null,"custom_theme_from":null,"custom_theme_to":null,"is_active":true},"stores":["admin"],"media":[]},"admin:home":{"cms":{"identifier":"home","title":"Home page","page_layout":"cms-full-width","meta_keywords":"","meta_description":"","content_heading":"","content":"<div data-content-type=\"html\" data-appearance=\"default\" data-element=\"main\">&lt;div class=\"row\"&gt;\r\n    &lt;div class=\"col-12\"&gt;\r\n        {{block class=\"Magento\\Cms\\Block\\BlockByIdentifier\" identifier=\"homepage_hero_slider\"}}\r\n    &lt;\/div&gt;\r\n&lt;\/div&gt;\r\n\r\n&lt;div class=\"container\"&gt;\r\n    {{block class=\"Magento\\Cms\\Block\\BlockByIdentifier\" identifier=\"homepage_decision_tree\"}}\r\n\r\n    {{block class=\"Magento\\Cms\\Block\\BlockByIdentifier\" identifier=\"homepage_main_banner\"}}\r\n\r\n    {{block class=\"Magento\\Cms\\Block\\BlockByIdentifier\" identifier=\"homepage_promotions\"}}\r\n\r\n    {{block class=\"Magento\\Cms\\Block\\BlockByIdentifier\" identifier=\"homepage_news\"}}\r\n\r\n    {{block class=\"Magento\\Cms\\Block\\BlockByIdentifier\" identifier=\"homepage_offers\"}}\r\n\r\n    {{block class=\"Magento\\Cms\\Block\\BlockByIdentifier\" identifier=\"homepage_helpdesk\"}}\r\n&lt;\/div&gt;<\/div>","sort_order":"0","layout_update_xml":"<!--\n    <referenceContainer name=\"right\">\n        <referenceBlock name=\"catalog.compare.sidebar\" remove=\"true\" \/>\n    <\/referenceContainer>-->","custom_theme":"","custom_root_template":null,"custom_layout_update_xml":null,"custom_theme_from":null,"custom_theme_to":null,"is_active":true},"stores":["admin"],"media":[]},"admin:enable-cookies":{"cms":{"identifier":"enable-cookies","title":"Enable Cookies","page_layout":"1column","meta_keywords":null,"meta_description":null,"content_heading":"What are Cookies?","content":"<div class=\"enable-cookies cms-content\">\r\n<p>\"Cookies\" are little pieces of data we send when you visit our store. Cookies help us get to know you better and personalize your experience. Plus they help protect you and other shoppers from fraud.<\/p>\r\n<p style=\"margin-bottom: 20px;\">Set your browser to accept cookies so you can buy items, save items, and receive customized recommendations. Here\u2019s how:<\/p>\r\n<ul>\r\n<li><a href=\"https:\/\/support.google.com\/accounts\/answer\/61416?hl=en\" target=\"_blank\">Google Chrome<\/a><\/li>\r\n<li><a href=\"http:\/\/windows.microsoft.com\/en-us\/internet-explorer\/delete-manage-cookies\" target=\"_blank\">Internet Explorer<\/a><\/li>\r\n<li><a href=\"http:\/\/support.apple.com\/kb\/PH19214\" target=\"_blank\">Safari<\/a><\/li>\r\n<li><a href=\"https:\/\/support.mozilla.org\/en-US\/kb\/enable-and-disable-cookies-website-preferences\" target=\"_blank\">Mozilla\/Firefox<\/a><\/li>\r\n<\/ul>\r\n<\/div>","sort_order":"0","layout_update_xml":null,"custom_theme":null,"custom_root_template":null,"custom_layout_update_xml":null,"custom_theme_from":null,"custom_theme_to":null,"is_active":true},"stores":["admin"],"media":[]},"admin:privacy-policy-cookie-restriction-mode":{"cms":{"identifier":"privacy-policy-cookie-restriction-mode","title":"Privacy and Cookie Policy","page_layout":"1column","meta_keywords":"","meta_description":"","content_heading":"Privacy and Cookie Policy","content":"<div data-content-type=\"html\" data-appearance=\"default\" data-element=\"main\">&lt;div class=\"privacy-policy cms-content\"&gt;\r\n    &lt;div class=\"message info\"&gt;\r\n        &lt;span&gt;\r\n            Please replace this text with you Privacy Policy.\r\n            Please add any additional cookies your website uses below (e.g. Google Analytics).\r\n        &lt;\/span&gt;\r\n    &lt;\/div&gt;\r\n    &lt;p&gt;\r\n        This privacy policy sets out how this website (hereafter \"the Store\") uses and protects any information that\r\n        you give the Store while using this website. The Store is committed to ensuring that your privacy is protected.\r\n        Should we ask you to provide certain information by which you can be identified when using this website, then\r\n        you can be assured that it will only be used in accordance with this privacy statement. The Store may change\r\n        this policy from time to time by updating this page. You should check this page from time to time to ensure\r\n        that you are happy with any changes.\r\n    &lt;\/p&gt;\r\n    &lt;h2&gt;What we collect&lt;\/h2&gt;\r\n    &lt;p&gt;We may collect the following information:&lt;\/p&gt;\r\n    &lt;ul&gt;\r\n        &lt;li&gt;name&lt;\/li&gt;\r\n        &lt;li&gt;contact information including email address&lt;\/li&gt;\r\n        &lt;li&gt;demographic information such as postcode, preferences and interests&lt;\/li&gt;\r\n        &lt;li&gt;other information relevant to customer surveys and\/or offers&lt;\/li&gt;\r\n    &lt;\/ul&gt;\r\n    &lt;p&gt;\r\n        For the exhaustive list of cookies we collect see the &lt;a href=\"#list\"&gt;List of cookies we collect&lt;\/a&gt; section.\r\n    &lt;\/p&gt;\r\n    &lt;h2&gt;What we do with the information we gather&lt;\/h2&gt;\r\n    &lt;p&gt;\r\n        We require this information to understand your needs and provide you with a better service,\r\n        and in particular for the following reasons:\r\n    &lt;\/p&gt;\r\n    &lt;ul&gt;\r\n        &lt;li&gt;Internal record keeping.&lt;\/li&gt;\r\n        &lt;li&gt;We may use the information to improve our products and services.&lt;\/li&gt;\r\n        &lt;li&gt;\r\n            We may periodically send promotional emails about new products, special offers or other information which we\r\n            think you may find interesting using the email address which you have provided.\r\n        &lt;\/li&gt;\r\n        &lt;li&gt;\r\n            From time to time, we may also use your information to contact you for market research purposes.\r\n            We may contact you by email, phone, fax or mail. We may use the information to customise the website\r\n            according to your interests.\r\n        &lt;\/li&gt;\r\n    &lt;\/ul&gt;\r\n    &lt;h2&gt;Security&lt;\/h2&gt;\r\n    &lt;p&gt;\r\n        We are committed to ensuring that your information is secure. In order to prevent unauthorised access or\r\n        disclosure, we have put in place suitable physical, electronic and managerial procedures to safeguard and\r\n        secure the information we collect online.\r\n    &lt;\/p&gt;\r\n    &lt;h2&gt;How we use cookies&lt;\/h2&gt;\r\n    &lt;p&gt;\r\n        A cookie is a small file which asks permission to be placed on your computer's hard drive.\r\n        Once you agree, the file is added and the cookie helps analyse web traffic or lets you know when you visit\r\n        a particular site. Cookies allow web applications to respond to you as an individual. The web application\r\n        can tailor its operations to your needs, likes and dislikes by gathering and remembering information about\r\n        your preferences.\r\n    &lt;\/p&gt;\r\n    &lt;p&gt;\r\n        We use traffic log cookies to identify which pages are being used. This helps us analyse data about web page\r\n        traffic and improve our website in order to tailor it to customer needs. We only use this information for\r\n        statistical analysis purposes and then the data is removed from the system.\r\n    &lt;\/p&gt;\r\n    &lt;p&gt;\r\n        Overall, cookies help us provide you with a better website, by enabling us to monitor which pages you find\r\n        useful and which you do not. A cookie in no way gives us access to your computer or any information about you,\r\n        other than the data you choose to share with us. You can choose to accept or decline cookies.\r\n        Most web browsers automatically accept cookies, but you can usually modify your browser setting\r\n        to decline cookies if you prefer. This may prevent you from taking full advantage of the website.\r\n    &lt;\/p&gt;\r\n    &lt;h2&gt;Links to other websites&lt;\/h2&gt;\r\n    &lt;p&gt;\r\n        Our website may contain links to other websites of interest. However, once you have used these links\r\n        to leave our site, you should note that we do not have any control over that other website.\r\n        Therefore, we cannot be responsible for the protection and privacy of any information which you provide whilst\r\n        visiting such sites and such sites are not governed by this privacy statement.\r\n        You should exercise caution and look at the privacy statement applicable to the website in question.\r\n    &lt;\/p&gt;\r\n    &lt;h2&gt;Controlling your personal information&lt;\/h2&gt;\r\n    &lt;p&gt;You may choose to restrict the collection or use of your personal information in the following ways:&lt;\/p&gt;\r\n    &lt;ul&gt;\r\n        &lt;li&gt;\r\n            whenever you are asked to fill in a form on the website, look for the box that you can click to indicate\r\n            that you do not want the information to be used by anybody for direct marketing purposes\r\n        &lt;\/li&gt;\r\n        &lt;li&gt;\r\n            if you have previously agreed to us using your personal information for direct marketing purposes,\r\n            you may change your mind at any time by letting us know using our Contact Us information\r\n        &lt;\/li&gt;\r\n    &lt;\/ul&gt;\r\n    &lt;p&gt;\r\n        We will not sell, distribute or lease your personal information to third parties unless we have your permission\r\n        or are required by law to do so. We may use your personal information to send you promotional information\r\n        about third parties which we think you may find interesting if you tell us that you wish this to happen.\r\n    &lt;\/p&gt;\r\n    &lt;p&gt;\r\n        You may request details of personal information which we hold about you under the Data Protection Act 1998.\r\n        A small fee will be payable. If you would like a copy of the information held on you please email us this\r\n        request using our Contact Us information.\r\n    &lt;\/p&gt;\r\n    &lt;p&gt;\r\n        If you believe that any information we are holding on you is incorrect or incomplete,\r\n        please write to or email us as soon as possible, at the above address.\r\n        We will promptly correct any information found to be incorrect.\r\n    &lt;\/p&gt;\r\n    &lt;h2&gt;&lt;a name=\"list\"&gt;&lt;\/a&gt;List of cookies we collect&lt;\/h2&gt;\r\n    &lt;p&gt;The table below lists the cookies we collect and what information they store.&lt;\/p&gt;\r\n    &lt;table class=\"data-table data-table-definition-list\"&gt;\r\n        &lt;thead&gt;\r\n        &lt;tr&gt;\r\n            &lt;th&gt;Cookie Name&lt;\/th&gt;\r\n            &lt;th&gt;Cookie Description&lt;\/th&gt;\r\n        &lt;\/tr&gt;\r\n        &lt;\/thead&gt;\r\n        &lt;tbody&gt;\r\n            &lt;tr&gt;\r\n                &lt;th&gt;FORM_KEY&lt;\/th&gt;\r\n                &lt;td&gt;Stores randomly generated key used to prevent forged requests.&lt;\/td&gt;\r\n            &lt;\/tr&gt;\r\n            &lt;tr&gt;\r\n                &lt;th&gt;PHPSESSID&lt;\/th&gt;\r\n                &lt;td&gt;Your session ID on the server.&lt;\/td&gt;\r\n            &lt;\/tr&gt;\r\n            &lt;tr&gt;\r\n                &lt;th&gt;GUEST-VIEW&lt;\/th&gt;\r\n                &lt;td&gt;Allows guests to view and edit their orders.&lt;\/td&gt;\r\n            &lt;\/tr&gt;\r\n            &lt;tr&gt;\r\n                &lt;th&gt;PERSISTENT_SHOPPING_CART&lt;\/th&gt;\r\n                &lt;td&gt;A link to information about your cart and viewing history, if you have asked for this.&lt;\/td&gt;\r\n            &lt;\/tr&gt;\r\n            &lt;tr&gt;\r\n                &lt;th&gt;STF&lt;\/th&gt;\r\n                &lt;td&gt;Information on products you have emailed to friends.&lt;\/td&gt;\r\n            &lt;\/tr&gt;\r\n            &lt;tr&gt;\r\n                &lt;th&gt;STORE&lt;\/th&gt;\r\n                &lt;td&gt;The store view or language you have selected.&lt;\/td&gt;\r\n            &lt;\/tr&gt;\r\n            &lt;tr&gt;\r\n                &lt;th&gt;USER_ALLOWED_SAVE_COOKIE&lt;\/th&gt;\r\n                &lt;td&gt;Indicates whether a customer allowed to use cookies.&lt;\/td&gt;\r\n            &lt;\/tr&gt;\r\n            &lt;tr&gt;\r\n                &lt;th&gt;MAGE-CACHE-SESSID&lt;\/th&gt;\r\n                &lt;td&gt;Facilitates caching of content on the browser to make pages load faster.&lt;\/td&gt;\r\n            &lt;\/tr&gt;\r\n            &lt;tr&gt;\r\n                &lt;th&gt;MAGE-CACHE-STORAGE&lt;\/th&gt;\r\n                &lt;td&gt;Facilitates caching of content on the browser to make pages load faster.&lt;\/td&gt;\r\n            &lt;\/tr&gt;\r\n            &lt;tr&gt;\r\n                &lt;th&gt;MAGE-CACHE-STORAGE-SECTION-INVALIDATION&lt;\/th&gt;\r\n                &lt;td&gt;Facilitates caching of content on the browser to make pages load faster.&lt;\/td&gt;\r\n            &lt;\/tr&gt;\r\n            &lt;tr&gt;\r\n                &lt;th&gt;MAGE-CACHE-TIMEOUT&lt;\/th&gt;\r\n                &lt;td&gt;Facilitates caching of content on the browser to make pages load faster.&lt;\/td&gt;\r\n            &lt;\/tr&gt;\r\n            &lt;tr&gt;\r\n                &lt;th&gt;SECTION-DATA-IDS&lt;\/th&gt;\r\n                &lt;td&gt;Facilitates caching of content on the browser to make pages load faster.&lt;\/td&gt;\r\n            &lt;\/tr&gt;\r\n            &lt;tr&gt;\r\n                &lt;th&gt;PRIVATE_CONTENT_VERSION&lt;\/th&gt;\r\n                &lt;td&gt;Facilitates caching of content on the browser to make pages load faster.&lt;\/td&gt;\r\n            &lt;\/tr&gt;\r\n            &lt;tr&gt;\r\n                &lt;th&gt;X-MAGENTO-VARY&lt;\/th&gt;\r\n                &lt;td&gt;Facilitates caching of content on the server to make pages load faster.&lt;\/td&gt;\r\n            &lt;\/tr&gt;\r\n            &lt;tr&gt;\r\n                &lt;th&gt;MAGE-TRANSLATION-FILE-VERSION&lt;\/th&gt;\r\n                &lt;td&gt;Facilitates translation of content to other languages.&lt;\/td&gt;\r\n            &lt;\/tr&gt;\r\n            &lt;tr&gt;\r\n                &lt;th&gt;MAGE-TRANSLATION-STORAGE&lt;\/th&gt;\r\n                &lt;td&gt;Facilitates translation of content to other languages.&lt;\/td&gt;\r\n            &lt;\/tr&gt;\r\n        &lt;\/tbody&gt;\r\n    &lt;\/table&gt;\r\n&lt;\/div&gt;<\/div>","sort_order":"0","layout_update_xml":null,"custom_theme":"","custom_root_template":null,"custom_layout_update_xml":null,"custom_theme_from":null,"custom_theme_to":null,"is_active":true},"stores":["admin"],"media":[]},"admin:service-unavailable":{"cms":{"identifier":"service-unavailable","title":"503 Service Unavailable","page_layout":"1column","meta_keywords":null,"meta_description":null,"content_heading":null,"content":"<div class=\"page-title\"><h1>We're Offline...<\/h1><\/div>\r\n<p>...but only for just a bit. We're working to make the Magento Enterprise Demo a better place for you!<\/p>","sort_order":"0","layout_update_xml":null,"custom_theme":null,"custom_root_template":null,"custom_layout_update_xml":null,"custom_theme_from":null,"custom_theme_to":null,"is_active":true},"stores":["admin"],"media":[]},"admin:private-sales":{"cms":{"identifier":"private-sales","title":"Welcome to our Exclusive Online Store","page_layout":"1column","meta_keywords":null,"meta_description":null,"content_heading":null,"content":"<div class=\"private-sales-index\">\n        <div class=\"box\">\n        <div class=\"content\">\n        <h1>Welcome to our Exclusive Online Store<\/h1>\n        <p>If you are a registered member, please <a href=\"{{store url=\"customer\/account\/login\"}}\">sign in here<\/a>.<\/p>\n        <\/div>\n        <\/div>\n        <\/div>","sort_order":"0","layout_update_xml":null,"custom_theme":null,"custom_root_template":null,"custom_layout_update_xml":null,"custom_theme_from":null,"custom_theme_to":null,"is_active":true},"stores":["admin"],"media":[]},"admin:reward-points":{"cms":{"identifier":"reward-points","title":"Reward Points","page_layout":"1column","meta_keywords":null,"meta_description":null,"content_heading":"Reward Points","content":"<p>The Reward Points Program allows you to earn points for certain actions you take on the site. Points are awarded based on making purchases and customer actions such as submitting reviews.<\/p>\n\n        <h2>Benefits of Reward Points for Registered Customers<\/h2>\n        <p>Once you register you will be able to earn and accrue reward points, which are then redeemable at time of purchase towards the cost of your order. Rewards are an added bonus to your shopping experience on the site and just one of the ways we thank you for being a loyal customer.<\/p>\n\n        <h2>Earning Reward Points<\/h2>\n        <p>Rewards can currently be earned for the following actions:<\/p>\n        <ul>\n        <li>Making purchases \u2014 every time you make a purchase you earn points based on the price of products purchased and these points are added to your Reward Points balance.<\/li>\n        <li>Registering on the site.<\/li>\n        <li>Subscribing to a newsletter for the first time.<\/li>\n        <li>Sending Invitations \u2014 Earn points by inviting your friends to join the site.<\/li>\n        <li>Converting Invitations to Customer \u2014 Earn points for every invitation you send out which leads to your friends registering on the site.<\/li>\n        <li>Converting Invitations to Order \u2014 Earn points for every invitation you send out which leads to a sale.<\/li>\n        <li>Review Submission \u2014 Earn points for submitting product reviews.<\/li>\n        <\/ul>\n\n        <h2>Reward Points Exchange Rates<\/h2>\n        <p>The value of reward points is determined by an exchange rate of both currency spent on products to points, and an exchange rate of points earned to currency for spending on future purchases.<\/p>\n\n        <h2>Redeeming Reward Points<\/h2>\n        <p>You can redeem your reward points at checkout. If you have accumulated enough points to redeem them you will have the option of using points as one of the payment methods.  The option to use reward points, as well as your balance and the monetary equivalent this balance, will be shown to you in the Payment Method area of the checkout.  Redeemable reward points can be used in conjunction with other payment methods such as credit cards, gift cards and more.<\/p>\n        <p><img src=\"{{view url=\"Magento_Reward::images\/payment.png\"}}\" alt=\"Payment Information\" \/><\/p>\n\n        <h2>Reward Points Minimums and Maximums<\/h2>\n        <p>Reward points may be capped at a minimum value required for redemption.  If this option is selected you will not be able to use your reward points until you accrue a minimum number of points, at which point they will become available for redemption.<\/p>\n        <p>Reward points may also be capped at the maximum value of points which can be accrued. If this option is selected you will need to redeem your accrued points before you are able to earn more points.<\/p>\n\n        <h2>Managing My Reward Points<\/h2>\n        <p>You have the ability to view and manage your points through your <a href=\"{{store url=\"customer\/account\"}}\">Customer Account<\/a>. From your account you will be able to view your total points (and currency equivalent), minimum needed to redeem, whether you have reached the maximum points limit and a cumulative history of points acquired, redeemed and lost. The history record will retain and display historical rates and currency for informational purposes. The history will also show you comprehensive informational messages regarding points, including expiration notifications.<\/p>\n        <p><img src=\"{{view url=\"Magento_Reward::images\/my_account.png\"}}\" alt=\"My Account\" \/><\/p>\n\n        <h2>Reward Points Expiration<\/h2>\n        <p>Reward points can be set to expire. Points will expire in the order form which they were first earned.<\/p>\n        <p><strong>Note<\/strong>: You can sign up to receive email notifications each time your balance changes when you either earn, redeem or lose points, as well as point expiration notifications. This option is found in the <a href=\"{{store url=\"reward\/customer\/info\"}}\">Reward Points section<\/a> of the My Account area.<\/p>\n        ","sort_order":"0","layout_update_xml":null,"custom_theme":null,"custom_root_template":null,"custom_layout_update_xml":null,"custom_theme_from":null,"custom_theme_to":null,"is_active":true},"stores":["admin"],"media":[]},"admin:brands":{"cms":{"identifier":"brands","title":"All Brands Page","page_layout":"1column","meta_keywords":null,"meta_description":null,"content_heading":null,"content":"<p style=\"text-align: left;\"><span style=\"font-size: small;\">\n<strong>Searching for a favorite brand? Browse the list below to find just the label you're looking for!<\/strong>\n<\/span><\/p><p style=\"text-align: left;\"><span style=\"font-size: medium;\"><strong><br \/><\/strong><\/span><\/p>\n<p><img src=\"{{media url=\"wysiwyg\/collection\/collection-performance.jpg\"}}\" alt=\"\" \/><\/p>\n<p>{{widget type=\"Amasty\\ShopbyBrand\\Block\\Widget\\BrandSlider\" template=\"widget\/brand_list\/slider.phtml\"}}<\/p>\n<p>{{widget type=\"Amasty\\ShopbyBrand\\Block\\Widget\\BrandList\" columns=\"3\"\ntemplate=\"widget\/brand_list\/index.phtml\"}}<\/p>","sort_order":"0","layout_update_xml":null,"custom_theme":null,"custom_root_template":null,"custom_layout_update_xml":null,"custom_theme_from":null,"custom_theme_to":null,"is_active":false},"stores":["admin"],"media":["wysiwyg\/collection\/collection-performance.jpg"]}},"media":["wysiwyg\/collection\/collection-performance.jpg"],"blocks":[]}